{"r2_score": 0.9994624257087708, "mae": 0.7990209460258484, "cv_accuracy": 0.9993925929069519, "last_trained": "2026-04-25 18:28:58"}